Slide18,Slide54,Slide27,Slide54,Slide27,Slide18,Slide54,Slide18,Slide27,Slide27,Slide27,Slide54,Slide18,Slide18,Slide27,Slide54,Slide54,Slide54,Slide18,Slide54,Slide18,Slide54,Slide54,Slide27,Slide18,Slide18,Slide18,Slide27,Slide18,Slide27
Slide3,Slide24,Slide25,Slide3,Slide24,Slide25,Slide3,Slide24,Slide25,Slide3,Slide24,Slide25,Slide3,Slide24,Slide25,Slide3,Slide24,Slide25,Slide3,Slide24,Slide25,Slide3,Slide24,Slide25,Slide3,Slide24,Slide25,Slide3,Slide24,Slide25
Slide39,Slide50,Slide50,Slide39,Slide50,Slide50,Slide39,Slide50,Slide50,Slide39,Slide50,Slide50,Slide39,Slide50,Slide50,Slide39,Slide50,Slide50,Slide39,Slide50,Slide50,Slide39,Slide50,Slide50,Slide39,Slide50,Slide50,Slide39,Slide50,Slide50
Slide51,Slide30,Slide51,Slide32,Slide51,Slide32,Slide51,Slide51,Slide32,Slide32,Slide32,Slide32,Slide51,Slide30,Slide30,Slide30,Slide30,Slide51,Slide51,Slide51,Slide51,Slide32,Slide32,Slide51,Slide30,Slide51,Slide30,Slide51,Slide30,Slide51
Slide35,Slide35,Slide35,Slide35,Slide35,Slide35,Slide35,Slide35,Slide35,Slide35,Slide35,Slide35,Slide35,Slide35,Slide35,Slide35,Slide35,Slide7,Slide2,Slide2,Slide7,Slide2,Slide2,Slide7,Slide2,Slide2,Slide7,Slide2,Slide2,Slide7
Slide17,Slide45,Slide17,Slide45,Slide17,Slide45,Slide17,Slide45,Slide17,Slide45,Slide17,Slide45,Slide17,Slide45,Slide17,Slide45,Slide17,Slide45,Slide17,Slide45,Slide17,Slide17,Slide45,Slide17,Slide17,Slide45,Slide17,Slide17,Slide45,Slide17
Slide15,Slide15,Slide14,Slide4,Slide15,Slide4,Slide14,Slide14,Slide14,Slide15,Slide4,Slide14,Slide15,Slide15,Slide15,Slide15,Slide15,Slide4,Slide14,Slide15,Slide14,Slide14,Slide14,Slide4,Slide14,Slide14,Slide14,Slide14,Slide14,Slide14
Slide59,Slide59,Slide59,Slide59,Slide59,Slide59,Slide59,Slide59,Slide59,Slide59,Slide59,Slide59,Slide59,Slide59,Slide59,Slide59,Slide59,Slide59,Slide59,Slide59,Slide59,Slide59,Slide59,Slide59,Slide59,Slide59,Slide59,Slide59,Slide59,Slide59
Slide19,Slide20,Slide19,Slide20,Slide19,Slide20,Slide19,Slide20,Slide19,Slide20,Slide19,Slide20,Slide19,Slide20,Slide19,Slide20,Slide19,Slide20,Slide19,Slide20,Slide19,Slide20,Slide19,Slide20,Slide19,Slide20,Slide19,Slide20,Slide19,Slide20
Slide44,Slide49,Slide44,Slide44,Slide44,Slide44,Slide44,Slide44,Slide46,Slide49,Slide49,Slide49,Slide46,Slide44,Slide49,Slide49,Slide49,Slide46,Slide44,Slide46,Slide49,Slide44,Slide49,Slide44,Slide46,Slide44,Slide44,Slide46,Slide46,Slide46
Slide52,Slide52,Slide53,Slide53,Slide52,Slide43,Slide43,Slide43,Slide53,Slide52,Slide43,Slide53,Slide52,Slide43,Slide52,Slide43,Slide52,Slide53,Slide53,Slide52,Slide52,Slide53,Slide53,Slide52,Slide53,Slide53,Slide52,Slide43,Slide43,Slide43
Slide16,Slide16,Slide12,Slide40,Slide16,Slide40,Slide12,Slide40,Slide12,Slide16,Slide12,Slide40,Slide16,Slide40,Slide12,Slide40,Slide12,Slide12,Slide16,Slide40,Slide12,Slide40,Slide40,Slide40,Slide12,Slide12,Slide16,Slide16,Slide16,Slide16
Slide60,Slide26,Slide26,Slide60,Slide26,Slide26,Slide60,Slide26,Slide26,Slide60,Slide26,Slide26,Slide60,Slide26,Slide26,Slide60,Slide26,Slide26,Slide60,Slide36,Slide26,Slide36,Slide26,Slide36,Slide26,Slide36,Slide26,Slide36,Slide26,Slide36
Slide8,Slide8,Slide8,Slide41,Slide41,Slide8,Slide8,Slide28,Slide41,Slide8,Slide28,Slide28,Slide28,Slide8,Slide8,Slide8,Slide41,Slide28,Slide28,Slide41,Slide41,Slide41,Slide8,Slide8,Slide41,Slide41,Slide28,Slide8,Slide28,Slide8
Slide56,Slide56,Slide11,Slide11,Slide11,Slide11,Slide11,Slide11,Slide6,Slide11,Slide6,Slide6,Slide11,Slide6,Slide11,Slide56,Slide11,Slide6,Slide11,Slide11,Slide6,Slide56,Slide11,Slide6,Slide11,Slide56,Slide56,Slide11,Slide6,Slide56
Slide55,Slide55,Slide33,Slide48,Slide48,Slide48,Slide55,Slide33,Slide48,Slide33,Slide48,Slide55,Slide33,Slide48,Slide33,Slide33,Slide55,Slide33,Slide33,Slide48,Slide55,Slide55,Slide48,Slide55,Slide33,Slide48,Slide55,Slide55,Slide55,Slide33
Slide23,Slide13,Slide23,Slide13,Slide23,Slide13,Slide23,Slide13,Slide23,Slide13,Slide23,Slide13,Slide23,Slide13,Slide23,Slide13,Slide23,Slide13,Slide23,Slide13,Slide23,Slide13,Slide23,Slide13,Slide23,Slide13,Slide23,Slide13,Slide23,Slide13
Slide42,Slide47,Slide42,Slide47,Slide42,Slide47,Slide42,Slide47,Slide42,Slide47,Slide42,Slide47,Slide42,Slide47,Slide42,Slide47,Slide42,Slide47,Slide42,Slide47,Slide42,Slide47,Slide42,Slide47,Slide42,Slide47,Slide42,Slide47,Slide42,Slide47
Slide22,Slide22,Slide22,Slide22,Slide22,Slide22,Slide22,Slide22,Slide22,Slide22,Slide22,Slide22,Slide22,Slide22,Slide22,Slide22,Slide22,Slide1,Slide1,Slide1,Slide1,Slide1,Slide1,Slide1,Slide1,Slide1,Slide1,Slide1,Slide1,Slide1
Slide29,Slide29,Slide38,Slide29,Slide29,Slide38,Slide29,Slide29,Slide38,Slide29,Slide29,Slide38,Slide29,Slide29,Slide38,Slide29,Slide29,Slide38,Slide29,Slide29,Slide38,Slide29,Slide29,Slide38,Slide29,Slide29,Slide38,Slide29,Slide29,Slide38
